{"cameraMode":{"drawMode":0,"name":"Shaded","section":"Shading Mode"},"sceneLighting":true,"audioPlay":false,"sceneViewState":{"showFog":true,"showMaterialUpdate":false,"showSkybox":true,"showFlares":true,"showImageEffects":true,"showParticleSystems":true},"in2DMode":false,"pivot":{"x":14.120210647583008,"y":0.08147523552179337,"z":18.024499893188478},"rotation":{"x":0.16778746247291566,"y":-0.6092084050178528,"z":0.1338389664888382,"w":0.7634293437004089},"size":10.0,"orthographic":false}